[{"model": "github.githubuser", "pk": 1, "fields": {"username": "obause", "access_token": "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", "excluded_repos": "obause/github-stats-api,obause/obsidian", "excluded_langs": "Jupyter Notebook", "exclude_forked_repos": false, "stats": 1, "contact": 1}}, {"model": "github.userstats", "pk": 1, "fields": {"name": "Ole Bause", "stars": 51, "forks": 8, "contributions": 1094, "repositories": 49, "loc_added": 2310117, "loc_deleted": 1181760, "page_views": 1528, "last_updated": "2023-03-02T14:36:58.891Z"}}, {"model": "github.userstats", "pk": 2, "fields": {"name": null, "stars": null, "forks": null, "contributions": null, "repositories": null, "loc_added": null, "loc_deleted": null, "page_views": null, "last_updated": "2023-03-02T14:36:58.891Z"}}, {"model": "github.userstats", "pk": 3, "fields": {"name": null, "stars": null, "forks": null, "contributions": null, "repositories": null, "loc_added": null, "loc_deleted": null, "page_views": null, "last_updated": "2023-03-02T14:36:58.891Z"}}, {"model": "github.language", "pk": 1, "fields": {"name": "Python", "size": 1189250, "occurences": 27, "color": "#3572A5", "prop": 44.934263920648185, "stat": 1}}, {"model": "github.language", "pk": 2, "fields": {"name": "CSS", "size": 562504, "occurences": 6, "color": "#563d7c", "prop": 21.253481767853934, "stat": 1}}, {"model": "github.language", "pk": 3, "fields": {"name": "JavaScript", "size": 76604, "occurences": 1, "color": "#f1e05a", "prop": 2.8943824707818657, "stat": 1}}, {"model": "github.language", "pk": 4, "fields": {"name": "HTML", "size": 217833, "occurences": 7, "color": "#e34c26", "prop": 8.230536483183986, "stat": 1}}, {"model": "github.language", "pk": 5, "fields": {"name": "Dockerfile", "size": 3883, "occurences": 4, "color": "#384d54", "prop": 0.14671410284118303, "stat": 1}}, {"model": "github.language", "pk": 6, "fields": {"name": "PowerShell", "size": 6896, "occurences": 3, "color": "#012456", "prop": 0.2605563876365692, "stat": 1}}, {"model": "github.language", "pk": 7, "fields": {"name": "Shell", "size": 4468, "occurences": 4, "color": "#89e051", "prop": 0.1688175666995637, "stat": 1}}, {"model": "github.language", "pk": 8, "fields": {"name": "Java", "size": 290949, "occurences": 11, "color": "#b07219", "prop": 10.99312941219144, "stat": 1}}, {"model": "github.language", "pk": 9, "fields": {"name": "QMake", "size": 990, "occurences": 1, "color": null, "prop": 0.03740586191418264, "stat": 1}}, {"model": "github.language", "pk": 10, "fields": {"name": "C++", "size": 1522, "occurences": 2, "color": "#f34b7d", "prop": 0.057506789730692905, "stat": 1}}, {"model": "github.language", "pk": 11, "fields": {"name": "Cython", "size": 1482, "occurences": 2, "color": "#fedf5b", "prop": 0.055995441774564315, "stat": 1}}, {"model": "github.language", "pk": 12, "fields": {"name": "SAS", "size": 260400, "occurences": 1, "color": "#B34936", "prop": 9.838875194397131, "stat": 1}}, {"model": "github.language", "pk": 13, "fields": {"name": "PLpgSQL", "size": 21061, "occurences": 2, "color": "#336790", "prop": 0.7957624826006068, "stat": 1}}, {"model": "github.language", "pk": 14, "fields": {"name": "Makefile", "size": 1793, "occurences": 3, "color": "#427819", "prop": 0.06774617213346412, "stat": 1}}, {"model": "github.language", "pk": 15, "fields": {"name": "C", "size": 4406, "occurences": 1, "color": "#555555", "prop": 0.16647497736756436, "stat": 1}}, {"model": "github.language", "pk": 16, "fields": {"name": "PLSQL", "size": 2603, "occurences": 1, "color": "#dad8d8", "prop": 0.09835096824506809, "stat": 1}}, {"model": "blog.author", "pk": 1, "fields": {"first_name": "Ole", "last_name": "Bause", "email_address": "ole@bause.me"}}, {"model": "blog.tag", "pk": 1, "fields": {"caption": "Test"}}, {"model": "blog.tag", "pk": 2, "fields": {"caption": "Test2"}}, {"model": "blog.post", "pk": 1, "fields": {"title": "Test Post", "excerpt": "This is a test post", "image": "posts/IMG_20210509_153759_0007.JPG", "date": "2023-02-21", "slug": "test-post", "content": "This is a test post.\r\nThis is a test post.\r\n\r\nThis is a test post.", "author": 1, "category": 1, "tags": [1, 2]}}, {"model": "blog.post", "pk": 2, "fields": {"title": "Test Post 2", "excerpt": "Test Post 2", "image": "posts/IMG_20210509_153729_0005.JPG", "date": "2023-02-21", "slug": "test-post-2", "content": "Test Post 2\r\n\r\n\r\nTest Post 2\r\nTest Post 2\r\nTest Post 2\r\nTest Post 2", "author": 1, "category": 1, "tags": [1]}}, {"model": "blog.category", "pk": 1, "fields": {"title": "Testcategory", "slug": "testcategory"}}, {"model": "core.contact", "pk": 1, "fields": {"forename": "Ole", "lastname": "Bause", "gender": "M", "email": "ole@bause.me", "phone": "017656728818", "birthdate": "1997-05-19", "address": "Friedenauer Stra▀e 13, 30419 Hannover", "nationality": "German", "website": "bause.me", "profile_image": "images/profile_pics/profile_pic.jpg", "description": "I'm a highly motivated and results-driven student with focus on data science and a passion for Data Warehousing and Business Intelligence. Specializing in Data Vault 2.0, I am committed to leveraging my skills and knowledge to drive impactful business decisions and drive growth. Seeking opportunities to further develop my skills and contribute to data-driven success.", "slogan": "DWH Consultant", "social_media": [1, 2, 3, 4], "skills": [1, 2, 3, 4, 5, 6, 7, 8, 9, 10, 11, 12, 13, 14, 15, 16, 17, 18, 19, 20, 21, 22, 23, 24, 25, 26, 27]}}, {"model": "core.contact", "pk": 2, "fields": {"forename": "Default", "lastname": "Contact", "gender": null, "email": null, "phone": null, "birthdate": null, "address": null, "nationality": null, "website": null, "profile_image": "", "description": null, "slogan": null, "social_media": [], "skills": []}}, {"model": "core.education", "pk": 1, "fields": {"title": "Business Information Systems", "institute": "Hochschule Hannover", "institute_url": "https://hs-hannover.de", "institute_logo": "", "course_of_study": "Business Information Systems", "degree": "Bachelor of Science", "final_grade": "1.8", "start_date": "2018-03-01", "end_date": "2022-07-04", "major_field": "Data Warehousing", "description": "Data Warehousing, Business Intelligence, Data Analysis, Data Mining, Software Engineering, Software Development, Project Management, Information Systems,", "is_current": false, "contact": 1}}, {"model": "core.education", "pk": 2, "fields": {"title": "Applied Computer Science", "institute": "Hochschule Hannover", "institute_url": "http://hs-hannover.de", "institute_logo": "", "course_of_study": "Applied Computer Science", "degree": "Master", "final_grade": null, "start_date": "2022-09-01", "end_date": null, "major_field": "Data Science", "description": "Machine Learning, Deep Learning, IT-Security, Theory of Algorithms and Complexity, Software Architectures", "is_current": true, "contact": 1}}, {"model": "core.socialmedia", "pk": 1, "fields": {"name": "LinkedIn", "url": "https://www.linkedin.com/in/ole-bause/", "icon": "fa-brands fa-linkedin", "add_to_menu": false}}, {"model": "core.socialmedia", "pk": 2, "fields": {"name": "Instagram", "url": "https://www.instagram.com/bausebrause/", "icon": "fa-brands fa-instagram", "add_to_menu": false}}, {"model": "core.socialmedia", "pk": 3, "fields": {"name": "GitHub", "url": "https://github.com/obause", "icon": "fa-brands fa-github", "add_to_menu": true}}, {"model": "core.socialmedia", "pk": 4, "fields": {"name": "Email", "url": "mailto:ole@bause.me", "icon": "fa-solid fa-envelope", "add_to_menu": false}}, {"model": "core.funfact", "pk": 1, "fields": {"title": "Cups of Coffee", "value": 1457, "icon": "lnr lnr-coffee-cup", "contact": 1}}, {"model": "core.funfact", "pk": 2, "fields": {"title": "Bugs found", "value": 137, "icon": "lnr lnr-bug", "contact": 1}}, {"model": "core.funfact", "pk": 3, "fields": {"title": "Bugs implemented", "value": 264, "icon": "lnr lnr-bug", "contact": 1}}, {"model": "core.interests", "pk": 1, "fields": {"title": "Data Warehousing", "icon": "lnr lnr-database", "description": "", "contact": 1, "image": "images/icons/server.png"}}, {"model": "core.interests", "pk": 2, "fields": {"title": "Data Science", "icon": "fa-solid fa-circle-nodes", "description": "", "contact": 1, "image": "images/icons/chip.png"}}, {"model": "core.interests", "pk": 3, "fields": {"title": "Data Engineering", "icon": "lnr lnr-code", "description": "", "contact": 1, "image": "images/icons/daten.png"}}, {"model": "core.interests", "pk": 4, "fields": {"title": "Cloud Computing", "icon": "lnr lnr-cloud", "description": "", "contact": 1, "image": "images/icons/cloud-netzwerk.png"}}, {"model": "core.workexperience", "pk": 1, "fields": {"title": "Technical Solutions Specialist", "company": "Scalefree International GmbH", "company_url": "http://scalefree.com", "company_logo": "", "start_date": "2021-02-01", "end_date": "2022-08-31", "description": "Data Warehousing with Data Vault 2.0\r\nData Engineering & ETL Development\r\nPython Development", "is_current": false, "contact": 1}}, {"model": "core.workexperience", "pk": 2, "fields": {"title": "Freelance Webdesigner", "company": "BauseCreative", "company_url": "http://bausecreative.de", "company_logo": "", "start_date": "2019-09-01", "end_date": "2021-08-01", "description": "Conception & Design, Content & Development, SEO, Technical maintenance, Web Hosting, Mail Hosting", "is_current": false, "contact": 1}}, {"model": "core.workexperience", "pk": 3, "fields": {"title": "Service & technical Support", "company": "LaserSports Hannover", "company_url": "https://www.funxperience.de/langenhagen/lasertag/", "company_logo": "", "start_date": "2017-12-01", "end_date": "2021-01-31", "description": "Technical maintenance of the equipment\r\nCustomer service\r\nMicrosoft Excel & VBA Development", "is_current": false, "contact": 1}}, {"model": "core.workexperience", "pk": 4, "fields": {"title": "Teamleader / Consultant", "company": "Scalefree International GmbH", "company_url": "http://scalefree.com", "company_logo": "", "start_date": "2022-09-01", "end_date": null, "description": "Teamleader of the internal data warehouse project team\r\nVarious consulting activities for clients in the area of Data Warehousing with Data Vault 2.0", "is_current": true, "contact": 1}}, {"model": "core.skill", "pk": 1, "fields": {"name": "Python", "category": 1, "percentage": 95}}, {"model": "core.skill", "pk": 2, "fields": {"name": "Java", "category": 1, "percentage": 60}}, {"model": "core.skill", "pk": 3, "fields": {"name": "SQL", "category": 1, "percentage": 85}}, {"model": "core.skill", "pk": 4, "fields": {"name": "HTML/CSS", "category": 1, "percentage": 70}}, {"model": "core.skill", "pk": 5, "fields": {"name": "Databases", "category": 2, "percentage": 85}}, {"model": "core.skill", "pk": 6, "fields": {"name": "Machine Learning", "category": 2, "percentage": 75}}, {"model": "core.skill", "pk": 7, "fields": {"name": "Deep Learning", "category": 2, "percentage": 65}}, {"model": "core.skill", "pk": 8, "fields": {"name": "Data Engineering", "category": 2, "percentage": 80}}, {"model": "core.skill", "pk": 9, "fields": {"name": "Cloud Computing", "category": 2, "percentage": 70}}, {"model": "core.skill", "pk": 10, "fields": {"name": "German", "category": 4, "percentage": 100}}, {"model": "core.skill", "pk": 11, "fields": {"name": "English", "category": 4, "percentage": 85}}, {"model": "core.skill", "pk": 12, "fields": {"name": "Project management", "category": 3, "percentage": null}}, {"model": "core.skill", "pk": 13, "fields": {"name": "Communication", "category": 3, "percentage": null}}, {"model": "core.skill", "pk": 14, "fields": {"name": "Problem-solving", "category": 3, "percentage": null}}, {"model": "core.skill", "pk": 15, "fields": {"name": "Flexibility", "category": 3, "percentage": null}}, {"model": "core.skill", "pk": 16, "fields": {"name": "Time management", "category": 3, "percentage": null}}, {"model": "core.skill", "pk": 17, "fields": {"name": "Git", "category": 5, "percentage": null}}, {"model": "core.skill", "pk": 18, "fields": {"name": "Docker", "category": 5, "percentage": null}}, {"model": "core.skill", "pk": 19, "fields": {"name": "Linux", "category": 5, "percentage": null}}, {"model": "core.skill", "pk": 20, "fields": {"name": "AWS", "category": 5, "percentage": null}}, {"model": "core.skill", "pk": 21, "fields": {"name": "Azure", "category": 5, "percentage": null}}, {"model": "core.skill", "pk": 22, "fields": {"name": "Google Cloud", "category": 5, "percentage": null}}, {"model": "core.skill", "pk": 23, "fields": {"name": "Snowflake", "category": 5, "percentage": null}}, {"model": "core.skill", "pk": 24, "fields": {"name": "dbt", "category": 5, "percentage": null}}, {"model": "core.skill", "pk": 25, "fields": {"name": "Django", "category": 5, "percentage": null}}, {"model": "core.skill", "pk": 26, "fields": {"name": "Wordpress", "category": 5, "percentage": null}}, {"model": "core.skill", "pk": 27, "fields": {"name": "VSCode", "category": 5, "percentage": null}}, {"model": "core.skillcategory", "pk": 1, "fields": {"name": "Coding", "is_percentage": true}}, {"model": "core.skillcategory", "pk": 2, "fields": {"name": "Technical", "is_percentage": true}}, {"model": "core.skillcategory", "pk": 3, "fields": {"name": "Soft", "is_percentage": false}}, {"model": "core.skillcategory", "pk": 4, "fields": {"name": "Language", "is_percentage": true}}, {"model": "core.skillcategory", "pk": 5, "fields": {"name": "Tools", "is_percentage": false}}, {"model": "core.skillcategory", "pk": 6, "fields": {"name": "Other", "is_percentage": false}}, {"model": "core.certificate", "pk": 1, "fields": {"title": "Certified Data Vault 2.0 Practitioner", "issuer": "Data Vault Alliance", "issue_date": "2021-06-16", "expiration_date": null, "credential_id": "e6f19792593d8b07", "credential_url": "https://www.credential.net/d04388be-0946-4ed5-b7b2-7ee277a7d28", "credential_image": "images/cdvp-certification.png", "contact": 1}}, {"model": "core.certificate", "pk": 2, "fields": {"title": "AWS Certified Cloud Practitioner", "issuer": "Amazon Web Services", "issue_date": "2022-07-29", "expiration_date": "2024-05-29", "credential_id": null, "credential_url": "https://www.credly.com/badges/2bf75ef6-29ac-4254-bce4-7a12068d651e", "credential_image": "images/aws-cloud-practitioner-certification.png", "contact": 1}}, {"model": "core.certificate", "pk": 3, "fields": {"title": "Vaultspeed Automation Expert", "issuer": "Vaultspeed", "issue_date": "2022-04-01", "expiration_date": null, "credential_id": "6fc3913db2a17b82f2c6a02ffdbc6ad3", "credential_url": "https://vaultspeed.com/certificate/?id=6fc3913db2a17b82f2c6a02ffdbc6ad3", "credential_image": "images/vaultspeed-certification_NQ12lyK.png", "contact": 1}}, {"model": "core.certificate", "pk": 4, "fields": {"title": "Azure Data Fundamentals", "issuer": "Microsoft", "issue_date": "2021-08-23", "expiration_date": null, "credential_id": null, "credential_url": "https://www.credly.com/badges/504cd37c-81e8-4a5d-8f9c-fccc4e65c17a?source=linked_in_profile", "credential_image": "images/azure-data-fundamentals-certification.png", "contact": 1}}, {"model": "core.certificate", "pk": 5, "fields": {"title": "Azure Data Engineer Associate", "issuer": "Microsoft", "issue_date": "2022-04-14", "expiration_date": null, "credential_id": null, "credential_url": "https://www.credly.com/badges/5c65af3f-4f8c-475e-a234-965b09f11025", "credential_image": "images/azure-data-engineer-associate-certification.png", "contact": 1}}, {"model": "core.certificate", "pk": 6, "fields": {"title": "dbt Fundamentals", "issuer": "dbt Labs", "issue_date": "2022-06-02", "expiration_date": null, "credential_id": "52265592", "credential_url": "https://www.credential.net/72b2011e-f946-428e-a198-e53b81bc8be1", "credential_image": "images/dbt-fundamentals-certification.png", "contact": 1}}, {"model": "core.message", "pk": 1, "fields": {"name": "Test", "email": "ole@bause.me", "subject": "Test", "message": "Testnachricht", "date": "2023-03-02"}}, {"model": "core.message", "pk": 2, "fields": {"name": "Test", "email": "ole@bause.me", "subject": "Test", "message": "Testnachricht", "date": "2023-03-02"}}, {"model": "core.message", "pk": 3, "fields": {"name": "Ole Bause2", "email": "ole@bause.me", "subject": "Test2", "message": "Testnachricht", "date": "2023-03-02"}}, {"model": "background_task.task", "pk": 19, "fields": {"task_name": "app.tasks.demo_task", "task_params": "[[\"Hello world!\"], {}]", "task_hash": "b722e45520b57b250d621de170146a453b46f963", "verbose_name": null, "priority": 0, "run_at": "2023-02-26T17:52:48.100Z", "repeat": 1, "repeat_until": null, "queue": null, "attempts": 0, "failed_at": null, "last_error": "", "locked_by": null, "locked_at": null, "creator_content_type": null, "creator_object_id": null}}, {"model": "background_task.completedtask", "pk": 1, "fields": {"task_name": "app.tasks.demo_task", "task_params": "[[\"Hello world!\"], {}]", "task_hash": "b722e45520b57b250d621de170146a453b46f963", "verbose_name": null, "priority": 0, "run_at": "2023-02-26T17:35:22.968Z", "repeat": 0, "repeat_until": null, "queue": null, "attempts": 1, "failed_at": null, "last_error": "", "locked_by": "21564", "locked_at": "2023-02-26T17:35:22.959Z", "creator_content_type": null, "creator_object_id": null}}, {"model": "background_task.completedtask", "pk": 2, "fields": {"task_name": "app.tasks.demo_task", "task_params": "[[\"Hello world!\"], {}]", "task_hash": "b722e45520b57b250d621de170146a453b46f963", "verbose_name": null, "priority": 0, "run_at": "2023-02-26T17:35:23.082Z", "repeat": 0, "repeat_until": null, "queue": null, "attempts": 1, "failed_at": null, "last_error": "", "locked_by": "21564", "locked_at": "2023-02-26T17:35:23.072Z", "creator_content_type": null, "creator_object_id": null}}, {"model": "background_task.completedtask", "pk": 3, "fields": {"task_name": "app.tasks.demo_task", "task_params": "[[\"Hello world!\"], {}]", "task_hash": "b722e45520b57b250d621de170146a453b46f963", "verbose_name": null, "priority": 0, "run_at": "2023-02-26T17:35:23.144Z", "repeat": 0, "repeat_until": null, "queue": null, "attempts": 1, "failed_at": null, "last_error": "", "locked_by": "21564", "locked_at": "2023-02-26T17:35:23.135Z", "creator_content_type": null, "creator_object_id": null}}, {"model": "background_task.completedtask", "pk": 4, "fields": {"task_name": "app.tasks.demo_task", "task_params": "[[\"Hello world!\"], {}]", "task_hash": "b722e45520b57b250d621de170146a453b46f963", "verbose_name": null, "priority": 0, "run_at": "2023-02-26T17:35:23.175Z", "repeat": 0, "repeat_until": null, "queue": null, "attempts": 1, "failed_at": null, "last_error": "", "locked_by": "21564", "locked_at": "2023-02-26T17:35:23.166Z", "creator_content_type": null, "creator_object_id": null}}, {"model": "background_task.completedtask", "pk": 5, "fields": {"task_name": "app.tasks.demo_task", "task_params": "[[\"Hello world!\"], {}]", "task_hash": "b722e45520b57b250d621de170146a453b46f963", "verbose_name": null, "priority": 0, "run_at": "2023-02-26T17:35:23.273Z", "repeat": 0, "repeat_until": null, "queue": null, "attempts": 1, "failed_at": null, "last_error": "", "locked_by": "21564", "locked_at": "2023-02-26T17:35:23.263Z", "creator_content_type": null, "creator_object_id": null}}, {"model": "background_task.completedtask", "pk": 6, "fields": {"task_name": "app.tasks.demo_task", "task_params": "[[\"Hello world!\"], {}]", "task_hash": "b722e45520b57b250d621de170146a453b46f963", "verbose_name": null, "priority": 0, "run_at": "2023-02-26T17:35:38.402Z", "repeat": 0, "repeat_until": null, "queue": null, "attempts": 1, "failed_at": null, "last_error": "", "locked_by": "21564", "locked_at": "2023-02-26T17:35:38.386Z", "creator_content_type": null, "creator_object_id": null}}, {"model": "background_task.completedtask", "pk": 7, "fields": {"task_name": "app.tasks.demo_task", "task_params": "[[\"Hello world!\"], {}]", "task_hash": "b722e45520b57b250d621de170146a453b46f963", "verbose_name": null, "priority": 0, "run_at": "2023-02-26T17:51:40.692Z", "repeat": 1, "repeat_until": null, "queue": null, "attempts": 1, "failed_at": null, "last_error": "", "locked_by": "21564", "locked_at": "2023-02-26T17:51:40.675Z", "creator_content_type": null, "creator_object_id": null}}, {"model": "background_task.completedtask", "pk": 8, "fields": {"task_name": "app.tasks.demo_task", "task_params": "[[\"Hello world!\"], {}]", "task_hash": "b722e45520b57b250d621de170146a453b46f963", "verbose_name": null, "priority": 0, "run_at": "2023-02-26T17:51:45.825Z", "repeat": 1, "repeat_until": null, "queue": null, "attempts": 1, "failed_at": null, "last_error": "", "locked_by": "21564", "locked_at": "2023-02-26T17:51:45.806Z", "creator_content_type": null, "creator_object_id": null}}, {"model": "background_task.completedtask", "pk": 9, "fields": {"task_name": "app.tasks.demo_task", "task_params": "[[\"Hello world!\"], {}]", "task_hash": "b722e45520b57b250d621de170146a453b46f963", "verbose_name": null, "priority": 0, "run_at": "2023-02-26T17:51:50.940Z", "repeat": 1, "repeat_until": null, "queue": null, "attempts": 1, "failed_at": null, "last_error": "", "locked_by": "21564", "locked_at": "2023-02-26T17:51:50.923Z", "creator_content_type": null, "creator_object_id": null}}, {"model": "background_task.completedtask", "pk": 10, "fields": {"task_name": "app.tasks.demo_task", "task_params": "[[\"Hello world!\"], {}]", "task_hash": "b722e45520b57b250d621de170146a453b46f963", "verbose_name": null, "priority": 0, "run_at": "2023-02-26T17:51:56.027Z", "repeat": 1, "repeat_until": null, "queue": null, "attempts": 1, "failed_at": null, "last_error": "", "locked_by": "21564", "locked_at": "2023-02-26T17:51:56.012Z", "creator_content_type": null, "creator_object_id": null}}, {"model": "background_task.completedtask", "pk": 11, "fields": {"task_name": "app.tasks.demo_task", "task_params": "[[\"Hello world!\"], {}]", "task_hash": "b722e45520b57b250d621de170146a453b46f963", "verbose_name": null, "priority": 0, "run_at": "2023-02-26T17:51:56.147Z", "repeat": 1, "repeat_until": null, "queue": null, "attempts": 1, "failed_at": null, "last_error": "", "locked_by": "21564", "locked_at": "2023-02-26T17:51:56.136Z", "creator_content_type": null, "creator_object_id": null}}, {"model": "background_task.completedtask", "pk": 12, "fields": {"task_name": "app.tasks.demo_task", "task_params": "[[\"Hello world!\"], {}]", "task_hash": "b722e45520b57b250d621de170146a453b46f963", "verbose_name": null, "priority": 0, "run_at": "2023-02-26T17:52:01.272Z", "repeat": 1, "repeat_until": null, "queue": null, "attempts": 1, "failed_at": null, "last_error": "", "locked_by": "21564", "locked_at": "2023-02-26T17:52:01.254Z", "creator_content_type": null, "creator_object_id": null}}, {"model": "background_task.completedtask", "pk": 13, "fields": {"task_name": "app.tasks.demo_task", "task_params": "[[\"Hello world!\"], {}]", "task_hash": "b722e45520b57b250d621de170146a453b46f963", "verbose_name": null, "priority": 0, "run_at": "2023-02-26T17:52:06.325Z", "repeat": 1, "repeat_until": null, "queue": null, "attempts": 1, "failed_at": null, "last_error": "", "locked_by": "21564", "locked_at": "2023-02-26T17:52:06.308Z", "creator_content_type": null, "creator_object_id": null}}, {"model": "background_task.completedtask", "pk": 14, "fields": {"task_name": "app.tasks.demo_task", "task_params": "[[\"Hello world!\"], {}]", "task_hash": "b722e45520b57b250d621de170146a453b46f963", "verbose_name": null, "priority": 0, "run_at": "2023-02-26T17:52:11.449Z", "repeat": 1, "repeat_until": null, "queue": null, "attempts": 1, "failed_at": null, "last_error": "", "locked_by": "21564", "locked_at": "2023-02-26T17:52:11.431Z", "creator_content_type": null, "creator_object_id": null}}, {"model": "background_task.completedtask", "pk": 15, "fields": {"task_name": "app.tasks.demo_task", "task_params": "[[\"Hello world!\"], {}]", "task_hash": "b722e45520b57b250d621de170146a453b46f963", "verbose_name": null, "priority": 0, "run_at": "2023-02-26T17:52:16.520Z", "repeat": 1, "repeat_until": null, "queue": null, "attempts": 1, "failed_at": null, "last_error": "", "locked_by": "21564", "locked_at": "2023-02-26T17:52:16.505Z", "creator_content_type": null, "creator_object_id": null}}, {"model": "background_task.completedtask", "pk": 16, "fields": {"task_name": "app.tasks.demo_task", "task_params": "[[\"Hello world!\"], {}]", "task_hash": "b722e45520b57b250d621de170146a453b46f963", "verbose_name": null, "priority": 0, "run_at": "2023-02-26T17:52:21.596Z", "repeat": 1, "repeat_until": null, "queue": null, "attempts": 1, "failed_at": null, "last_error": "", "locked_by": "21564", "locked_at": "2023-02-26T17:52:21.580Z", "creator_content_type": null, "creator_object_id": null}}, {"model": "background_task.completedtask", "pk": 17, "fields": {"task_name": "app.tasks.demo_task", "task_params": "[[\"Hello world!\"], {}]", "task_hash": "b722e45520b57b250d621de170146a453b46f963", "verbose_name": null, "priority": 0, "run_at": "2023-02-26T17:52:42.699Z", "repeat": 1, "repeat_until": null, "queue": null, "attempts": 1, "failed_at": null, "last_error": "", "locked_by": "23108", "locked_at": "2023-02-26T17:52:42.683Z", "creator_content_type": null, "creator_object_id": null}}, {"model": "background_task.completedtask", "pk": 18, "fields": {"task_name": "app.tasks.demo_task", "task_params": "[[\"Hello world!\"], {}]", "task_hash": "b722e45520b57b250d621de170146a453b46f963", "verbose_name": null, "priority": 0, "run_at": "2023-02-26T17:52:47.796Z", "repeat": 1, "repeat_until": null, "queue": null, "attempts": 1, "failed_at": null, "last_error": "", "locked_by": "23108", "locked_at": "2023-02-26T17:52:47.780Z", "creator_content_type": null, "creator_object_id": null}}, {"model": "admin.logentry", "pk": 1, "fields": {"action_time": "2023-02-17T21:08:10.893Z", "user": 1, "content_type": 10, "object_id": "1", "object_repr": "Ole Bause", "action_flag": 1, "change_message": "[{\"added\": {}}]"}}, {"model": "admin.logentry", "pk": 2, "fields": {"action_time": "2023-02-17T22:28:41.133Z", "user": 1, "content_type": 8, "object_id": "1", "object_repr": "LinkedIn", "action_flag": 1, "change_message": "[{\"added\": {}}]"}}, {"model": "admin.logentry", "pk": 3, "fields": {"action_time": "2023-02-17T22:28:55.064Z", "user": 1, "content_type": 10, "object_id": "1", "object_repr": "Ole Bause", "action_flag": 2, "change_message": "[{\"changed\": {\"fields\": [\"Social media\"]}}]"}}, {"model": "admin.logentry", "pk": 4, "fields": {"action_time": "2023-02-17T22:54:07.431Z", "user": 1, "content_type": 8, "object_id": "2", "object_repr": "Instagram", "action_flag": 1, "change_message": "[{\"added\": {}}]"}}, {"model": "admin.logentry", "pk": 5, "fields": {"action_time": "2023-02-17T22:55:29.267Z", "user": 1, "content_type": 8, "object_id": "3", "object_repr": "GitHub", "action_flag": 1, "change_message": "[{\"added\": {}}]"}}, {"model": "admin.logentry", "pk": 6, "fields": {"action_time": "2023-02-17T22:56:41.559Z", "user": 1, "content_type": 8, "object_id": "4", "object_repr": "Email", "action_flag": 1, "change_message": "[{\"added\": {}}]"}}, {"model": "admin.logentry", "pk": 7, "fields": {"action_time": "2023-02-17T22:56:52.335Z", "user": 1, "content_type": 10, "object_id": "1", "object_repr": "Ole Bause", "action_flag": 2, "change_message": "[{\"changed\": {\"fields\": [\"Social media\", \"Description\", \"Slogan\"]}}]"}}, {"model": "admin.logentry", "pk": 8, "fields": {"action_time": "2023-02-17T22:59:43.049Z", "user": 1, "content_type": 10, "object_id": "1", "object_repr": "Ole Bause", "action_flag": 2, "change_message": "[{\"changed\": {\"fields\": [\"Description\"]}}]"}}, {"model": "admin.logentry", "pk": 9, "fields": {"action_time": "2023-02-18T11:41:00.065Z", "user": 1, "content_type": 11, "object_id": "1", "object_repr": "Data Warehousing", "action_flag": 1, "change_message": "[{\"added\": {}}]"}}, {"model": "admin.logentry", "pk": 10, "fields": {"action_time": "2023-02-18T11:42:44.249Z", "user": 1, "content_type": 11, "object_id": "2", "object_repr": "Data Science", "action_flag": 1, "change_message": "[{\"added\": {}}]"}}, {"model": "admin.logentry", "pk": 11, "fields": {"action_time": "2023-02-18T11:59:44.072Z", "user": 1, "content_type": 11, "object_id": "3", "object_repr": "Data Engineering", "action_flag": 1, "change_message": "[{\"added\": {}}]"}}, {"model": "admin.logentry", "pk": 12, "fields": {"action_time": "2023-02-18T14:17:49.119Z", "user": 1, "content_type": 11, "object_id": "1", "object_repr": "Data Warehousing", "action_flag": 2, "change_message": "[{\"changed\": {\"fields\": [\"Icon\"]}}]"}}, {"model": "admin.logentry", "pk": 13, "fields": {"action_time": "2023-02-18T14:18:15.028Z", "user": 1, "content_type": 11, "object_id": "2", "object_repr": "Data Science", "action_flag": 2, "change_message": "[]"}}, {"model": "admin.logentry", "pk": 14, "fields": {"action_time": "2023-02-18T14:18:34.418Z", "user": 1, "content_type": 11, "object_id": "4", "object_repr": "Cloud Computing", "action_flag": 1, "change_message": "[{\"added\": {}}]"}}, {"model": "admin.logentry", "pk": 15, "fields": {"action_time": "2023-02-18T14:20:30.077Z", "user": 1, "content_type": 11, "object_id": "2", "object_repr": "Data Science", "action_flag": 2, "change_message": "[{\"changed\": {\"fields\": [\"Icon\"]}}]"}}, {"model": "admin.logentry", "pk": 16, "fields": {"action_time": "2023-02-18T14:26:33.410Z", "user": 1, "content_type": 9, "object_id": "1", "object_repr": "Business Information Systems", "action_flag": 1, "change_message": "[{\"added\": {}}]"}}, {"model": "admin.logentry", "pk": 17, "fields": {"action_time": "2023-02-18T14:27:12.952Z", "user": 1, "content_type": 9, "object_id": "1", "object_repr": "Bachelor of Business Information Systems", "action_flag": 2, "change_message": "[{\"changed\": {\"fields\": [\"Title\"]}}]"}}, {"model": "admin.logentry", "pk": 18, "fields": {"action_time": "2023-02-18T18:33:51.534Z", "user": 1, "content_type": 9, "object_id": "1", "object_repr": "Bachelor of Business Information Systems", "action_flag": 2, "change_message": "[{\"changed\": {\"fields\": [\"Degree\"]}}]"}}, {"model": "admin.logentry", "pk": 19, "fields": {"action_time": "2023-02-18T19:18:03.710Z", "user": 1, "content_type": 9, "object_id": "1", "object_repr": "Business Information Systems", "action_flag": 2, "change_message": "[{\"changed\": {\"fields\": [\"Title\"]}}]"}}, {"model": "admin.logentry", "pk": 20, "fields": {"action_time": "2023-02-18T19:23:47.325Z", "user": 1, "content_type": 9, "object_id": "2", "object_repr": "Applied Computer Science", "action_flag": 1, "change_message": "[{\"added\": {}}]"}}, {"model": "admin.logentry", "pk": 21, "fields": {"action_time": "2023-02-18T20:48:38.856Z", "user": 1, "content_type": 12, "object_id": "1", "object_repr": "Technical Solutions Specialist", "action_flag": 1, "change_message": "[{\"added\": {}}]"}}, {"model": "admin.logentry", "pk": 22, "fields": {"action_time": "2023-02-18T21:01:00.103Z", "user": 1, "content_type": 12, "object_id": "2", "object_repr": "Freelance Webdesigner", "action_flag": 1, "change_message": "[{\"added\": {}}]"}}, {"model": "admin.logentry", "pk": 23, "fields": {"action_time": "2023-02-18T21:01:59.640Z", "user": 1, "content_type": 12, "object_id": "1", "object_repr": "Technical Solutions Specialist", "action_flag": 2, "change_message": "[{\"changed\": {\"fields\": [\"Description\"]}}]"}}, {"model": "admin.logentry", "pk": 24, "fields": {"action_time": "2023-02-18T22:01:29.404Z", "user": 1, "content_type": 12, "object_id": "3", "object_repr": "Service & technical Support", "action_flag": 1, "change_message": "[{\"added\": {}}]"}}, {"model": "admin.logentry", "pk": 25, "fields": {"action_time": "2023-02-18T22:02:14.074Z", "user": 1, "content_type": 12, "object_id": "3", "object_repr": "Service & technical Support", "action_flag": 2, "change_message": "[{\"changed\": {\"fields\": [\"End date\"]}}]"}}, {"model": "admin.logentry", "pk": 26, "fields": {"action_time": "2023-02-18T22:29:55.072Z", "user": 1, "content_type": 14, "object_id": "1", "object_repr": "Programming", "action_flag": 1, "change_message": "[{\"added\": {}}]"}}, {"model": "admin.logentry", "pk": 27, "fields": {"action_time": "2023-02-18T22:30:29.039Z", "user": 1, "content_type": 14, "object_id": "2", "object_repr": "Technical", "action_flag": 1, "change_message": "[{\"added\": {}}]"}}, {"model": "admin.logentry", "pk": 28, "fields": {"action_time": "2023-02-18T22:31:02.002Z", "user": 1, "content_type": 14, "object_id": "3", "object_repr": "Soft", "action_flag": 1, "change_message": "[{\"added\": {}}]"}}, {"model": "admin.logentry", "pk": 29, "fields": {"action_time": "2023-02-18T22:31:32.972Z", "user": 1, "content_type": 14, "object_id": "4", "object_repr": "Language", "action_flag": 1, "change_message": "[{\"added\": {}}]"}}, {"model": "admin.logentry", "pk": 30, "fields": {"action_time": "2023-02-18T22:31:56.430Z", "user": 1, "content_type": 14, "object_id": "5", "object_repr": "Tools", "action_flag": 1, "change_message": "[{\"added\": {}}]"}}, {"model": "admin.logentry", "pk": 31, "fields": {"action_time": "2023-02-18T22:32:12.125Z", "user": 1, "content_type": 14, "object_id": "6", "object_repr": "Other", "action_flag": 1, "change_message": "[{\"added\": {}}]"}}, {"model": "admin.logentry", "pk": 32, "fields": {"action_time": "2023-02-18T22:33:59.976Z", "user": 1, "content_type": 13, "object_id": "1", "object_repr": "Python", "action_flag": 1, "change_message": "[{\"added\": {}}]"}}, {"model": "admin.logentry", "pk": 33, "fields": {"action_time": "2023-02-18T22:34:21.689Z", "user": 1, "content_type": 13, "object_id": "2", "object_repr": "Java", "action_flag": 1, "change_message": "[{\"added\": {}}]"}}, {"model": "admin.logentry", "pk": 34, "fields": {"action_time": "2023-02-18T22:34:47.557Z", "user": 1, "content_type": 13, "object_id": "3", "object_repr": "SQL", "action_flag": 1, "change_message": "[{\"added\": {}}]"}}, {"model": "admin.logentry", "pk": 35, "fields": {"action_time": "2023-02-18T22:35:48.222Z", "user": 1, "content_type": 13, "object_id": "4", "object_repr": "HTML/CSS", "action_flag": 1, "change_message": "[{\"added\": {}}]"}}, {"model": "admin.logentry", "pk": 36, "fields": {"action_time": "2023-02-18T22:36:06.886Z", "user": 1, "content_type": 14, "object_id": "1", "object_repr": "Coding", "action_flag": 2, "change_message": "[{\"changed\": {\"fields\": [\"Name\"]}}]"}}, {"model": "admin.logentry", "pk": 37, "fields": {"action_time": "2023-02-18T22:36:28.138Z", "user": 1, "content_type": 13, "object_id": "1", "object_repr": "Python", "action_flag": 2, "change_message": "[{\"changed\": {\"fields\": [\"Percentage\"]}}]"}}, {"model": "admin.logentry", "pk": 38, "fields": {"action_time": "2023-02-18T22:42:36.238Z", "user": 1, "content_type": 13, "object_id": "5", "object_repr": "Databases", "action_flag": 1, "change_message": "[{\"added\": {}}]"}}, {"model": "admin.logentry", "pk": 39, "fields": {"action_time": "2023-02-18T22:43:13.051Z", "user": 1, "content_type": 13, "object_id": "6", "object_repr": "Machine Learning", "action_flag": 1, "change_message": "[{\"added\": {}}]"}}, {"model": "admin.logentry", "pk": 40, "fields": {"action_time": "2023-02-18T22:43:36.633Z", "user": 1, "content_type": 13, "object_id": "7", "object_repr": "Deep Learning", "action_flag": 1, "change_message": "[{\"added\": {}}]"}}, {"model": "admin.logentry", "pk": 41, "fields": {"action_time": "2023-02-18T22:44:00.609Z", "user": 1, "content_type": 13, "object_id": "8", "object_repr": "Data Engineering", "action_flag": 1, "change_message": "[{\"added\": {}}]"}}, {"model": "admin.logentry", "pk": 42, "fields": {"action_time": "2023-02-18T22:44:31.472Z", "user": 1, "content_type": 13, "object_id": "9", "object_repr": "Cloud Computing", "action_flag": 1, "change_message": "[{\"added\": {}}]"}}, {"model": "admin.logentry", "pk": 43, "fields": {"action_time": "2023-02-18T22:48:08.016Z", "user": 1, "content_type": 13, "object_id": "10", "object_repr": "German", "action_flag": 1, "change_message": "[{\"added\": {}}]"}}, {"model": "admin.logentry", "pk": 44, "fields": {"action_time": "2023-02-18T22:48:26.050Z", "user": 1, "content_type": 13, "object_id": "11", "object_repr": "English", "action_flag": 1, "change_message": "[{\"added\": {}}]"}}, {"model": "admin.logentry", "pk": 45, "fields": {"action_time": "2023-02-18T22:48:51.089Z", "user": 1, "content_type": 13, "object_id": "12", "object_repr": "Project management", "action_flag": 1, "change_message": "[{\"added\": {}}]"}}, {"model": "admin.logentry", "pk": 46, "fields": {"action_time": "2023-02-18T22:50:23.885Z", "user": 1, "content_type": 13, "object_id": "13", "object_repr": "Communication", "action_flag": 1, "change_message": "[{\"added\": {}}]"}}, {"model": "admin.logentry", "pk": 47, "fields": {"action_time": "2023-02-18T22:50:35.095Z", "user": 1, "content_type": 13, "object_id": "14", "object_repr": "Problem-solving", "action_flag": 1, "change_message": "[{\"added\": {}}]"}}, {"model": "admin.logentry", "pk": 48, "fields": {"action_time": "2023-02-18T22:50:52.337Z", "user": 1, "content_type": 13, "object_id": "15", "object_repr": "Flexibility", "action_flag": 1, "change_message": "[{\"added\": {}}]"}}, {"model": "admin.logentry", "pk": 49, "fields": {"action_time": "2023-02-18T22:51:03.081Z", "user": 1, "content_type": 13, "object_id": "16", "object_repr": "Time management", "action_flag": 1, "change_message": "[{\"added\": {}}]"}}, {"model": "admin.logentry", "pk": 50, "fields": {"action_time": "2023-02-18T23:00:09.339Z", "user": 1, "content_type": 10, "object_id": "1", "object_repr": "Ole Bause", "action_flag": 2, "change_message": "[{\"changed\": {\"fields\": [\"Skills\"]}}]"}}, {"model": "admin.logentry", "pk": 51, "fields": {"action_time": "2023-02-18T23:26:45.764Z", "user": 1, "content_type": 12, "object_id": "1", "object_repr": "Technical Solutions Specialist", "action_flag": 2, "change_message": "[{\"changed\": {\"fields\": [\"End date\"]}}]"}}, {"model": "admin.logentry", "pk": 52, "fields": {"action_time": "2023-02-18T23:28:12.148Z", "user": 1, "content_type": 12, "object_id": "4", "object_repr": "Teamleader / Consultant", "action_flag": 1, "change_message": "[{\"added\": {}}]"}}, {"model": "admin.logentry", "pk": 53, "fields": {"action_time": "2023-02-18T23:31:45.129Z", "user": 1, "content_type": 9, "object_id": "1", "object_repr": "Business Information Systems", "action_flag": 2, "change_message": "[{\"changed\": {\"fields\": [\"Description\"]}}]"}}, {"model": "admin.logentry", "pk": 54, "fields": {"action_time": "2023-02-18T23:35:02.636Z", "user": 1, "content_type": 9, "object_id": "2", "object_repr": "Applied Computer Science", "action_flag": 2, "change_message": "[{\"changed\": {\"fields\": [\"Description\"]}}]"}}, {"model": "admin.logentry", "pk": 55, "fields": {"action_time": "2023-02-18T23:46:01.120Z", "user": 1, "content_type": 13, "object_id": "17", "object_repr": "Git", "action_flag": 1, "change_message": "[{\"added\": {}}]"}}, {"model": "admin.logentry", "pk": 56, "fields": {"action_time": "2023-02-18T23:46:05.487Z", "user": 1, "content_type": 13, "object_id": "18", "object_repr": "Docker", "action_flag": 1, "change_message": "[{\"added\": {}}]"}}, {"model": "admin.logentry", "pk": 57, "fields": {"action_time": "2023-02-18T23:46:17.239Z", "user": 1, "content_type": 13, "object_id": "19", "object_repr": "Linux", "action_flag": 1, "change_message": "[{\"added\": {}}]"}}, {"model": "admin.logentry", "pk": 58, "fields": {"action_time": "2023-02-18T23:46:46.451Z", "user": 1, "content_type": 13, "object_id": "20", "object_repr": "AWS", "action_flag": 1, "change_message": "[{\"added\": {}}]"}}, {"model": "admin.logentry", "pk": 59, "fields": {"action_time": "2023-02-18T23:46:52.919Z", "user": 1, "content_type": 13, "object_id": "21", "object_repr": "Azure", "action_flag": 1, "change_message": "[{\"added\": {}}]"}}, {"model": "admin.logentry", "pk": 60, "fields": {"action_time": "2023-02-18T23:47:03.298Z", "user": 1, "content_type": 13, "object_id": "22", "object_repr": "Google Cloud", "action_flag": 1, "change_message": "[{\"added\": {}}]"}}, {"model": "admin.logentry", "pk": 61, "fields": {"action_time": "2023-02-18T23:47:14.460Z", "user": 1, "content_type": 13, "object_id": "23", "object_repr": "Snowflake", "action_flag": 1, "change_message": "[{\"added\": {}}]"}}, {"model": "admin.logentry", "pk": 62, "fields": {"action_time": "2023-02-18T23:47:26.349Z", "user": 1, "content_type": 13, "object_id": "24", "object_repr": "dbt", "action_flag": 1, "change_message": "[{\"added\": {}}]"}}, {"model": "admin.logentry", "pk": 63, "fields": {"action_time": "2023-02-18T23:47:48.295Z", "user": 1, "content_type": 13, "object_id": "25", "object_repr": "Django", "action_flag": 1, "change_message": "[{\"added\": {}}]"}}, {"model": "admin.logentry", "pk": 64, "fields": {"action_time": "2023-02-18T23:48:16.455Z", "user": 1, "content_type": 13, "object_id": "26", "object_repr": "Wordpress", "action_flag": 1, "change_message": "[{\"added\": {}}]"}}, {"model": "admin.logentry", "pk": 65, "fields": {"action_time": "2023-02-18T23:48:47.617Z", "user": 1, "content_type": 13, "object_id": "27", "object_repr": "VSCode", "action_flag": 1, "change_message": "[{\"added\": {}}]"}}, {"model": "admin.logentry", "pk": 66, "fields": {"action_time": "2023-02-18T23:49:01.077Z", "user": 1, "content_type": 13, "object_id": "18", "object_repr": "Docker", "action_flag": 2, "change_message": "[{\"changed\": {\"fields\": [\"Category\"]}}]"}}, {"model": "admin.logentry", "pk": 67, "fields": {"action_time": "2023-02-18T23:53:30.116Z", "user": 1, "content_type": 10, "object_id": "1", "object_repr": "Ole Bause", "action_flag": 2, "change_message": "[{\"changed\": {\"fields\": [\"Skills\"]}}]"}}, {"model": "admin.logentry", "pk": 68, "fields": {"action_time": "2023-02-19T10:17:00.346Z", "user": 1, "content_type": 15, "object_id": "1", "object_repr": "Certified Data Vault 2.0 Practitioner", "action_flag": 1, "change_message": "[{\"added\": {}}]"}}, {"model": "admin.logentry", "pk": 69, "fields": {"action_time": "2023-02-19T10:29:26.447Z", "user": 1, "content_type": 15, "object_id": "1", "object_repr": "Certified Data Vault 2.0 Practitioner", "action_flag": 2, "change_message": "[{\"changed\": {\"fields\": [\"Credential id\"]}}]"}}, {"model": "admin.logentry", "pk": 70, "fields": {"action_time": "2023-02-19T10:34:21.684Z", "user": 1, "content_type": 15, "object_id": "2", "object_repr": "AWS Certified Cloud Practitioner", "action_flag": 1, "change_message": "[{\"added\": {}}]"}}, {"model": "admin.logentry", "pk": 71, "fields": {"action_time": "2023-02-19T12:04:35.163Z", "user": 1, "content_type": 15, "object_id": "3", "object_repr": "Vaultspeed Automation Expert", "action_flag": 1, "change_message": "[{\"added\": {}}]"}}, {"model": "admin.logentry", "pk": 72, "fields": {"action_time": "2023-02-19T12:06:57.477Z", "user": 1, "content_type": 15, "object_id": "3", "object_repr": "Vaultspeed Automation Expert", "action_flag": 2, "change_message": "[{\"changed\": {\"fields\": [\"Credential image\"]}}]"}}, {"model": "admin.logentry", "pk": 73, "fields": {"action_time": "2023-02-19T12:07:43.021Z", "user": 1, "content_type": 15, "object_id": "3", "object_repr": "Vaultspeed Automation Expert", "action_flag": 2, "change_message": "[{\"changed\": {\"fields\": [\"Credential image\"]}}]"}}, {"model": "admin.logentry", "pk": 74, "fields": {"action_time": "2023-02-19T12:11:46.092Z", "user": 1, "content_type": 15, "object_id": "4", "object_repr": "Azure Data Fundamentals", "action_flag": 1, "change_message": "[{\"added\": {}}]"}}, {"model": "admin.logentry", "pk": 75, "fields": {"action_time": "2023-02-19T12:13:19.964Z", "user": 1, "content_type": 15, "object_id": "5", "object_repr": "Azure Data Engineer Associate", "action_flag": 1, "change_message": "[{\"added\": {}}]"}}, {"model": "admin.logentry", "pk": 76, "fields": {"action_time": "2023-02-19T12:20:54.825Z", "user": 1, "content_type": 15, "object_id": "6", "object_repr": "dbt Fundamentals", "action_flag": 1, "change_message": "[{\"added\": {}}]"}}, {"model": "admin.logentry", "pk": 77, "fields": {"action_time": "2023-02-19T18:37:59.242Z", "user": 1, "content_type": 7, "object_id": "1", "object_repr": "FunFact object (1)", "action_flag": 1, "change_message": "[{\"added\": {}}]"}}, {"model": "admin.logentry", "pk": 78, "fields": {"action_time": "2023-02-19T18:40:00.505Z", "user": 1, "content_type": 7, "object_id": "2", "object_repr": "FunFact object (2)", "action_flag": 1, "change_message": "[{\"added\": {}}]"}}, {"model": "admin.logentry", "pk": 79, "fields": {"action_time": "2023-02-19T18:40:20.324Z", "user": 1, "content_type": 7, "object_id": "3", "object_repr": "FunFact object (3)", "action_flag": 1, "change_message": "[{\"added\": {}}]"}}, {"model": "admin.logentry", "pk": 80, "fields": {"action_time": "2023-02-19T18:53:50.995Z", "user": 1, "content_type": 7, "object_id": "1", "object_repr": "FunFact object (1)", "action_flag": 2, "change_message": "[{\"changed\": {\"fields\": [\"Contact\"]}}]"}}, {"model": "admin.logentry", "pk": 81, "fields": {"action_time": "2023-02-19T18:53:57.215Z", "user": 1, "content_type": 7, "object_id": "2", "object_repr": "FunFact object (2)", "action_flag": 2, "change_message": "[{\"changed\": {\"fields\": [\"Contact\"]}}]"}}, {"model": "admin.logentry", "pk": 82, "fields": {"action_time": "2023-02-19T18:54:02.707Z", "user": 1, "content_type": 7, "object_id": "3", "object_repr": "FunFact object (3)", "action_flag": 2, "change_message": "[{\"changed\": {\"fields\": [\"Contact\"]}}]"}}, {"model": "admin.logentry", "pk": 83, "fields": {"action_time": "2023-02-19T18:56:27.681Z", "user": 1, "content_type": 11, "object_id": "1", "object_repr": "Data Warehousing", "action_flag": 2, "change_message": "[{\"changed\": {\"fields\": [\"Description\"]}}]"}}, {"model": "admin.logentry", "pk": 84, "fields": {"action_time": "2023-02-19T18:56:33.745Z", "user": 1, "content_type": 11, "object_id": "2", "object_repr": "Data Science", "action_flag": 2, "change_message": "[{\"changed\": {\"fields\": [\"Description\"]}}]"}}, {"model": "admin.logentry", "pk": 85, "fields": {"action_time": "2023-02-19T18:56:39.769Z", "user": 1, "content_type": 11, "object_id": "3", "object_repr": "Data Engineering", "action_flag": 2, "change_message": "[{\"changed\": {\"fields\": [\"Description\"]}}]"}}, {"model": "admin.logentry", "pk": 86, "fields": {"action_time": "2023-02-19T18:56:44.506Z", "user": 1, "content_type": 11, "object_id": "4", "object_repr": "Cloud Computing", "action_flag": 2, "change_message": "[{\"changed\": {\"fields\": [\"Description\"]}}]"}}, {"model": "admin.logentry", "pk": 87, "fields": {"action_time": "2023-02-20T23:12:36.878Z", "user": 1, "content_type": 19, "object_id": "1", "object_repr": "Ole Bause", "action_flag": 1, "change_message": "[{\"added\": {}}]"}}, {"model": "admin.logentry", "pk": 88, "fields": {"action_time": "2023-02-20T23:12:45.037Z", "user": 1, "content_type": 16, "object_id": "1", "object_repr": "Test", "action_flag": 1, "change_message": "[{\"added\": {}}]"}}, {"model": "admin.logentry", "pk": 89, "fields": {"action_time": "2023-02-20T23:12:54.597Z", "user": 1, "content_type": 16, "object_id": "2", "object_repr": "Test2", "action_flag": 1, "change_message": "[{\"added\": {}}]"}}, {"model": "admin.logentry", "pk": 90, "fields": {"action_time": "2023-02-20T23:12:59.003Z", "user": 1, "content_type": 18, "object_id": "1", "object_repr": "Test Post", "action_flag": 1, "change_message": "[{\"added\": {}}]"}}, {"model": "admin.logentry", "pk": 91, "fields": {"action_time": "2023-02-20T23:37:36.317Z", "user": 1, "content_type": 18, "object_id": "2", "object_repr": "Test Post 2", "action_flag": 1, "change_message": "[{\"added\": {}}]"}}, {"model": "admin.logentry", "pk": 92, "fields": {"action_time": "2023-02-20T23:42:46.335Z", "user": 1, "content_type": 20, "object_id": "1", "object_repr": "Testcategory", "action_flag": 1, "change_message": "[{\"added\": {}}]"}}, {"model": "admin.logentry", "pk": 93, "fields": {"action_time": "2023-02-21T20:06:21.249Z", "user": 1, "content_type": 18, "object_id": "1", "object_repr": "Test Post", "action_flag": 2, "change_message": "[{\"changed\": {\"fields\": [\"Category\"]}}]"}}, {"model": "admin.logentry", "pk": 94, "fields": {"action_time": "2023-02-21T20:06:28.345Z", "user": 1, "content_type": 18, "object_id": "2", "object_repr": "Test Post 2", "action_flag": 2, "change_message": "[{\"changed\": {\"fields\": [\"Category\"]}}]"}}, {"model": "admin.logentry", "pk": 95, "fields": {"action_time": "2023-02-24T18:51:52.395Z", "user": 1, "content_type": 10, "object_id": "1", "object_repr": "Ole Bause", "action_flag": 2, "change_message": "[{\"changed\": {\"fields\": [\"Profile image\"]}}]"}}, {"model": "admin.logentry", "pk": 96, "fields": {"action_time": "2023-02-24T19:37:57.752Z", "user": 1, "content_type": 11, "object_id": "4", "object_repr": "Cloud Computing", "action_flag": 2, "change_message": "[{\"changed\": {\"fields\": [\"Image\"]}}]"}}, {"model": "admin.logentry", "pk": 97, "fields": {"action_time": "2023-02-24T19:38:07.807Z", "user": 1, "content_type": 11, "object_id": "3", "object_repr": "Data Engineering", "action_flag": 2, "change_message": "[{\"changed\": {\"fields\": [\"Image\"]}}]"}}, {"model": "admin.logentry", "pk": 98, "fields": {"action_time": "2023-02-24T19:38:19.893Z", "user": 1, "content_type": 11, "object_id": "2", "object_repr": "Data Science", "action_flag": 2, "change_message": "[{\"changed\": {\"fields\": [\"Image\"]}}]"}}, {"model": "admin.logentry", "pk": 99, "fields": {"action_time": "2023-02-24T19:38:28.434Z", "user": 1, "content_type": 11, "object_id": "1", "object_repr": "Data Warehousing", "action_flag": 2, "change_message": "[{\"changed\": {\"fields\": [\"Image\"]}}]"}}, {"model": "admin.logentry", "pk": 100, "fields": {"action_time": "2023-02-26T18:12:05.123Z", "user": 1, "content_type": 27, "object_id": "1", "object_repr": "GitHubUser object (1)", "action_flag": 1, "change_message": "[{\"added\": {}}]"}}, {"model": "admin.logentry", "pk": 101, "fields": {"action_time": "2023-02-26T19:51:17.535Z", "user": 1, "content_type": 27, "object_id": "1", "object_repr": "GitHubUser object (1)", "action_flag": 2, "change_message": "[{\"changed\": {\"fields\": [\"Excluded langs\"]}}]"}}, {"model": "admin.logentry", "pk": 102, "fields": {"action_time": "2023-02-26T23:28:40.868Z", "user": 1, "content_type": 26, "object_id": "1", "object_repr": "UserStats object (1)", "action_flag": 2, "change_message": "[{\"changed\": {\"fields\": [\"Name\"]}}]"}}, {"model": "admin.logentry", "pk": 103, "fields": {"action_time": "2023-02-27T11:14:33.541Z", "user": 1, "content_type": 27, "object_id": "1", "object_repr": "obause", "action_flag": 2, "change_message": "[{\"changed\": {\"fields\": [\"Excluded repos\"]}}]"}}, {"model": "admin.logentry", "pk": 104, "fields": {"action_time": "2023-02-27T11:23:58.853Z", "user": 1, "content_type": 27, "object_id": "1", "object_repr": "obause", "action_flag": 2, "change_message": "[{\"changed\": {\"fields\": [\"Excluded repos\"]}}]"}}, {"model": "admin.logentry", "pk": 105, "fields": {"action_time": "2023-02-27T11:39:09.651Z", "user": 1, "content_type": 28, "object_id": "17", "object_repr": "Jupyter Notebook", "action_flag": 3, "change_message": ""}}, {"model": "admin.logentry", "pk": 106, "fields": {"action_time": "2023-03-03T09:02:43.302Z", "user": 1, "content_type": 8, "object_id": "3", "object_repr": "GitHub", "action_flag": 2, "change_message": "[{\"changed\": {\"fields\": [\"Add to menu\"]}}]"}}, {"model": "auth.permission", "pk": 1, "fields": {"name": "Can add log entry", "content_type": 1, "codename": "add_logentry"}}, {"model": "auth.permission", "pk": 2, "fields": {"name": "Can change log entry", "content_type": 1, "codename": "change_logentry"}}, {"model": "auth.permission", "pk": 3, "fields": {"name": "Can delete log entry", "content_type": 1, "codename": "delete_logentry"}}, {"model": "auth.permission", "pk": 4, "fields": {"name": "Can view log entry", "content_type": 1, "codename": "view_logentry"}}, {"model": "auth.permission", "pk": 5, "fields": {"name": "Can add permission", "content_type": 2, "codename": "add_permission"}}, {"model": "auth.permission", "pk": 6, "fields": {"name": "Can change permission", "content_type": 2, "codename": "change_permission"}}, {"model": "auth.permission", "pk": 7, "fields": {"name": "Can delete permission", "content_type": 2, "codename": "delete_permission"}}, {"model": "auth.permission", "pk": 8, "fields": {"name": "Can view permission", "content_type": 2, "codename": "view_permission"}}, {"model": "auth.permission", "pk": 9, "fields": {"name": "Can add group", "content_type": 3, "codename": "add_group"}}, {"model": "auth.permission", "pk": 10, "fields": {"name": "Can change group", "content_type": 3, "codename": "change_group"}}, {"model": "auth.permission", "pk": 11, "fields": {"name": "Can delete group", "content_type": 3, "codename": "delete_group"}}, {"model": "auth.permission", "pk": 12, "fields": {"name": "Can view group", "content_type": 3, "codename": "view_group"}}, {"model": "auth.permission", "pk": 13, "fields": {"name": "Can add user", "content_type": 4, "codename": "add_user"}}, {"model": "auth.permission", "pk": 14, "fields": {"name": "Can change user", "content_type": 4, "codename": "change_user"}}, {"model": "auth.permission", "pk": 15, "fields": {"name": "Can delete user", "content_type": 4, "codename": "delete_user"}}, {"model": "auth.permission", "pk": 16, "fields": {"name": "Can view user", "content_type": 4, "codename": "view_user"}}, {"model": "auth.permission", "pk": 17, "fields": {"name": "Can add content type", "content_type": 5, "codename": "add_contenttype"}}, {"model": "auth.permission", "pk": 18, "fields": {"name": "Can change content type", "content_type": 5, "codename": "change_contenttype"}}, {"model": "auth.permission", "pk": 19, "fields": {"name": "Can delete content type", "content_type": 5, "codename": "delete_contenttype"}}, {"model": "auth.permission", "pk": 20, "fields": {"name": "Can view content type", "content_type": 5, "codename": "view_contenttype"}}, {"model": "auth.permission", "pk": 21, "fields": {"name": "Can add session", "content_type": 6, "codename": "add_session"}}, {"model": "auth.permission", "pk": 22, "fields": {"name": "Can change session", "content_type": 6, "codename": "change_session"}}, {"model": "auth.permission", "pk": 23, "fields": {"name": "Can delete session", "content_type": 6, "codename": "delete_session"}}, {"model": "auth.permission", "pk": 24, "fields": {"name": "Can view session", "content_type": 6, "codename": "view_session"}}, {"model": "auth.permission", "pk": 25, "fields": {"name": "Can add fun fact", "content_type": 7, "codename": "add_funfact"}}, {"model": "auth.permission", "pk": 26, "fields": {"name": "Can change fun fact", "content_type": 7, "codename": "change_funfact"}}, {"model": "auth.permission", "pk": 27, "fields": {"name": "Can delete fun fact", "content_type": 7, "codename": "delete_funfact"}}, {"model": "auth.permission", "pk": 28, "fields": {"name": "Can view fun fact", "content_type": 7, "codename": "view_funfact"}}, {"model": "auth.permission", "pk": 29, "fields": {"name": "Can add social media", "content_type": 8, "codename": "add_socialmedia"}}, {"model": "auth.permission", "pk": 30, "fields": {"name": "Can change social media", "content_type": 8, "codename": "change_socialmedia"}}, {"model": "auth.permission", "pk": 31, "fields": {"name": "Can delete social media", "content_type": 8, "codename": "delete_socialmedia"}}, {"model": "auth.permission", "pk": 32, "fields": {"name": "Can view social media", "content_type": 8, "codename": "view_socialmedia"}}, {"model": "auth.permission", "pk": 33, "fields": {"name": "Can add education", "content_type": 9, "codename": "add_education"}}, {"model": "auth.permission", "pk": 34, "fields": {"name": "Can change education", "content_type": 9, "codename": "change_education"}}, {"model": "auth.permission", "pk": 35, "fields": {"name": "Can delete education", "content_type": 9, "codename": "delete_education"}}, {"model": "auth.permission", "pk": 36, "fields": {"name": "Can view education", "content_type": 9, "codename": "view_education"}}, {"model": "auth.permission", "pk": 37, "fields": {"name": "Can add contact", "content_type": 10, "codename": "add_contact"}}, {"model": "auth.permission", "pk": 38, "fields": {"name": "Can change contact", "content_type": 10, "codename": "change_contact"}}, {"model": "auth.permission", "pk": 39, "fields": {"name": "Can delete contact", "content_type": 10, "codename": "delete_contact"}}, {"model": "auth.permission", "pk": 40, "fields": {"name": "Can view contact", "content_type": 10, "codename": "view_contact"}}, {"model": "auth.permission", "pk": 41, "fields": {"name": "Can add interests", "content_type": 11, "codename": "add_interests"}}, {"model": "auth.permission", "pk": 42, "fields": {"name": "Can change interests", "content_type": 11, "codename": "change_interests"}}, {"model": "auth.permission", "pk": 43, "fields": {"name": "Can delete interests", "content_type": 11, "codename": "delete_interests"}}, {"model": "auth.permission", "pk": 44, "fields": {"name": "Can view interests", "content_type": 11, "codename": "view_interests"}}, {"model": "auth.permission", "pk": 45, "fields": {"name": "Can add work experience", "content_type": 12, "codename": "add_workexperience"}}, {"model": "auth.permission", "pk": 46, "fields": {"name": "Can change work experience", "content_type": 12, "codename": "change_workexperience"}}, {"model": "auth.permission", "pk": 47, "fields": {"name": "Can delete work experience", "content_type": 12, "codename": "delete_workexperience"}}, {"model": "auth.permission", "pk": 48, "fields": {"name": "Can view work experience", "content_type": 12, "codename": "view_workexperience"}}, {"model": "auth.permission", "pk": 49, "fields": {"name": "Can add skill", "content_type": 13, "codename": "add_skill"}}, {"model": "auth.permission", "pk": 50, "fields": {"name": "Can change skill", "content_type": 13, "codename": "change_skill"}}, {"model": "auth.permission", "pk": 51, "fields": {"name": "Can delete skill", "content_type": 13, "codename": "delete_skill"}}, {"model": "auth.permission", "pk": 52, "fields": {"name": "Can view skill", "content_type": 13, "codename": "view_skill"}}, {"model": "auth.permission", "pk": 53, "fields": {"name": "Can add skill category", "content_type": 14, "codename": "add_skillcategory"}}, {"model": "auth.permission", "pk": 54, "fields": {"name": "Can change skill category", "content_type": 14, "codename": "change_skillcategory"}}, {"model": "auth.permission", "pk": 55, "fields": {"name": "Can delete skill category", "content_type": 14, "codename": "delete_skillcategory"}}, {"model": "auth.permission", "pk": 56, "fields": {"name": "Can view skill category", "content_type": 14, "codename": "view_skillcategory"}}, {"model": "auth.permission", "pk": 57, "fields": {"name": "Can add certificate", "content_type": 15, "codename": "add_certificate"}}, {"model": "auth.permission", "pk": 58, "fields": {"name": "Can change certificate", "content_type": 15, "codename": "change_certificate"}}, {"model": "auth.permission", "pk": 59, "fields": {"name": "Can delete certificate", "content_type": 15, "codename": "delete_certificate"}}, {"model": "auth.permission", "pk": 60, "fields": {"name": "Can view certificate", "content_type": 15, "codename": "view_certificate"}}, {"model": "auth.permission", "pk": 61, "fields": {"name": "Can add tag", "content_type": 16, "codename": "add_tag"}}, {"model": "auth.permission", "pk": 62, "fields": {"name": "Can change tag", "content_type": 16, "codename": "change_tag"}}, {"model": "auth.permission", "pk": 63, "fields": {"name": "Can delete tag", "content_type": 16, "codename": "delete_tag"}}, {"model": "auth.permission", "pk": 64, "fields": {"name": "Can view tag", "content_type": 16, "codename": "view_tag"}}, {"model": "auth.permission", "pk": 65, "fields": {"name": "Can add comment", "content_type": 17, "codename": "add_comment"}}, {"model": "auth.permission", "pk": 66, "fields": {"name": "Can change comment", "content_type": 17, "codename": "change_comment"}}, {"model": "auth.permission", "pk": 67, "fields": {"name": "Can delete comment", "content_type": 17, "codename": "delete_comment"}}, {"model": "auth.permission", "pk": 68, "fields": {"name": "Can view comment", "content_type": 17, "codename": "view_comment"}}, {"model": "auth.permission", "pk": 69, "fields": {"name": "Can add post", "content_type": 18, "codename": "add_post"}}, {"model": "auth.permission", "pk": 70, "fields": {"name": "Can change post", "content_type": 18, "codename": "change_post"}}, {"model": "auth.permission", "pk": 71, "fields": {"name": "Can delete post", "content_type": 18, "codename": "delete_post"}}, {"model": "auth.permission", "pk": 72, "fields": {"name": "Can view post", "content_type": 18, "codename": "view_post"}}, {"model": "auth.permission", "pk": 73, "fields": {"name": "Can add author", "content_type": 19, "codename": "add_author"}}, {"model": "auth.permission", "pk": 74, "fields": {"name": "Can change author", "content_type": 19, "codename": "change_author"}}, {"model": "auth.permission", "pk": 75, "fields": {"name": "Can delete author", "content_type": 19, "codename": "delete_author"}}, {"model": "auth.permission", "pk": 76, "fields": {"name": "Can view author", "content_type": 19, "codename": "view_author"}}, {"model": "auth.permission", "pk": 77, "fields": {"name": "Can add category", "content_type": 20, "codename": "add_category"}}, {"model": "auth.permission", "pk": 78, "fields": {"name": "Can change category", "content_type": 20, "codename": "change_category"}}, {"model": "auth.permission", "pk": 79, "fields": {"name": "Can delete category", "content_type": 20, "codename": "delete_category"}}, {"model": "auth.permission", "pk": 80, "fields": {"name": "Can view category", "content_type": 20, "codename": "view_category"}}, {"model": "auth.permission", "pk": 81, "fields": {"name": "Can add message", "content_type": 21, "codename": "add_message"}}, {"model": "auth.permission", "pk": 82, "fields": {"name": "Can change message", "content_type": 21, "codename": "change_message"}}, {"model": "auth.permission", "pk": 83, "fields": {"name": "Can delete message", "content_type": 21, "codename": "delete_message"}}, {"model": "auth.permission", "pk": 84, "fields": {"name": "Can view message", "content_type": 21, "codename": "view_message"}}, {"model": "auth.permission", "pk": 85, "fields": {"name": "Can add message", "content_type": 22, "codename": "add_message"}}, {"model": "auth.permission", "pk": 86, "fields": {"name": "Can change message", "content_type": 22, "codename": "change_message"}}, {"model": "auth.permission", "pk": 87, "fields": {"name": "Can delete message", "content_type": 22, "codename": "delete_message"}}, {"model": "auth.permission", "pk": 88, "fields": {"name": "Can view message", "content_type": 22, "codename": "view_message"}}, {"model": "auth.permission", "pk": 89, "fields": {"name": "Can add completed task", "content_type": 23, "codename": "add_completedtask"}}, {"model": "auth.permission", "pk": 90, "fields": {"name": "Can change completed task", "content_type": 23, "codename": "change_completedtask"}}, {"model": "auth.permission", "pk": 91, "fields": {"name": "Can delete completed task", "content_type": 23, "codename": "delete_completedtask"}}, {"model": "auth.permission", "pk": 92, "fields": {"name": "Can view completed task", "content_type": 23, "codename": "view_completedtask"}}, {"model": "auth.permission", "pk": 93, "fields": {"name": "Can add task", "content_type": 24, "codename": "add_task"}}, {"model": "auth.permission", "pk": 94, "fields": {"name": "Can change task", "content_type": 24, "codename": "change_task"}}, {"model": "auth.permission", "pk": 95, "fields": {"name": "Can delete task", "content_type": 24, "codename": "delete_task"}}, {"model": "auth.permission", "pk": 96, "fields": {"name": "Can view task", "content_type": 24, "codename": "view_task"}}, {"model": "auth.permission", "pk": 97, "fields": {"name": "Can add languages", "content_type": 25, "codename": "add_languages"}}, {"model": "auth.permission", "pk": 98, "fields": {"name": "Can change languages", "content_type": 25, "codename": "change_languages"}}, {"model": "auth.permission", "pk": 99, "fields": {"name": "Can delete languages", "content_type": 25, "codename": "delete_languages"}}, {"model": "auth.permission", "pk": 100, "fields": {"name": "Can view languages", "content_type": 25, "codename": "view_languages"}}, {"model": "auth.permission", "pk": 101, "fields": {"name": "Can add stats", "content_type": 26, "codename": "add_stats"}}, {"model": "auth.permission", "pk": 102, "fields": {"name": "Can change stats", "content_type": 26, "codename": "change_stats"}}, {"model": "auth.permission", "pk": 103, "fields": {"name": "Can delete stats", "content_type": 26, "codename": "delete_stats"}}, {"model": "auth.permission", "pk": 104, "fields": {"name": "Can view stats", "content_type": 26, "codename": "view_stats"}}, {"model": "auth.permission", "pk": 105, "fields": {"name": "Can add git hub user", "content_type": 27, "codename": "add_githubuser"}}, {"model": "auth.permission", "pk": 106, "fields": {"name": "Can change git hub user", "content_type": 27, "codename": "change_githubuser"}}, {"model": "auth.permission", "pk": 107, "fields": {"name": "Can delete git hub user", "content_type": 27, "codename": "delete_githubuser"}}, {"model": "auth.permission", "pk": 108, "fields": {"name": "Can view git hub user", "content_type": 27, "codename": "view_githubuser"}}, {"model": "auth.permission", "pk": 109, "fields": {"name": "Can add user stats", "content_type": 26, "codename": "add_userstats"}}, {"model": "auth.permission", "pk": 110, "fields": {"name": "Can change user stats", "content_type": 26, "codename": "change_userstats"}}, {"model": "auth.permission", "pk": 111, "fields": {"name": "Can delete user stats", "content_type": 26, "codename": "delete_userstats"}}, {"model": "auth.permission", "pk": 112, "fields": {"name": "Can view user stats", "content_type": 26, "codename": "view_userstats"}}, {"model": "auth.permission", "pk": 113, "fields": {"name": "Can add language", "content_type": 28, "codename": "add_language"}}, {"model": "auth.permission", "pk": 114, "fields": {"name": "Can change language", "content_type": 28, "codename": "change_language"}}, {"model": "auth.permission", "pk": 115, "fields": {"name": "Can delete language", "content_type": 28, "codename": "delete_language"}}, {"model": "auth.permission", "pk": 116, "fields": {"name": "Can view language", "content_type": 28, "codename": "view_language"}}, {"model": "auth.user", "pk": 1, "fields": {"password": "pbkdf2_sha256$390000$9q0X2gzelSuONkvVlcPc6D$e9KJpjXoePKjg1QYIa1H+IKEBjsBDZsoyaTfyEaTQsA=", "last_login": "2023-02-26T18:11:29.309Z", "is_superuser": true, "username": "obause", "first_name": "", "last_name": "", "email": "ole@bause.me", "is_staff": true, "is_active": true, "date_joined": "2023-02-17T21:03:02.319Z", "groups": [], "user_permissions": []}}, {"model": "contenttypes.contenttype", "pk": 1, "fields": {"app_label": "admin", "model": "logentry"}}, {"model": "contenttypes.contenttype", "pk": 2, "fields": {"app_label": "auth", "model": "permission"}}, {"model": "contenttypes.contenttype", "pk": 3, "fields": {"app_label": "auth", "model": "group"}}, {"model": "contenttypes.contenttype", "pk": 4, "fields": {"app_label": "auth", "model": "user"}}, {"model": "contenttypes.contenttype", "pk": 5, "fields": {"app_label": "contenttypes", "model": "contenttype"}}, {"model": "contenttypes.contenttype", "pk": 6, "fields": {"app_label": "sessions", "model": "session"}}, {"model": "contenttypes.contenttype", "pk": 7, "fields": {"app_label": "core", "model": "funfact"}}, {"model": "contenttypes.contenttype", "pk": 8, "fields": {"app_label": "core", "model": "socialmedia"}}, {"model": "contenttypes.contenttype", "pk": 9, "fields": {"app_label": "core", "model": "education"}}, {"model": "contenttypes.contenttype", "pk": 10, "fields": {"app_label": "core", "model": "contact"}}, {"model": "contenttypes.contenttype", "pk": 11, "fields": {"app_label": "core", "model": "interests"}}, {"model": "contenttypes.contenttype", "pk": 12, "fields": {"app_label": "core", "model": "workexperience"}}, {"model": "contenttypes.contenttype", "pk": 13, "fields": {"app_label": "core", "model": "skill"}}, {"model": "contenttypes.contenttype", "pk": 14, "fields": {"app_label": "core", "model": "skillcategory"}}, {"model": "contenttypes.contenttype", "pk": 15, "fields": {"app_label": "core", "model": "certificate"}}, {"model": "contenttypes.contenttype", "pk": 16, "fields": {"app_label": "blog", "model": "tag"}}, {"model": "contenttypes.contenttype", "pk": 17, "fields": {"app_label": "blog", "model": "comment"}}, {"model": "contenttypes.contenttype", "pk": 18, "fields": {"app_label": "blog", "model": "post"}}, {"model": "contenttypes.contenttype", "pk": 19, "fields": {"app_label": "blog", "model": "author"}}, {"model": "contenttypes.contenttype", "pk": 20, "fields": {"app_label": "blog", "model": "category"}}, {"model": "contenttypes.contenttype", "pk": 21, "fields": {"app_label": "blog", "model": "message"}}, {"model": "contenttypes.contenttype", "pk": 22, "fields": {"app_label": "core", "model": "message"}}, {"model": "contenttypes.contenttype", "pk": 23, "fields": {"app_label": "background_task", "model": "completedtask"}}, {"model": "contenttypes.contenttype", "pk": 24, "fields": {"app_label": "background_task", "model": "task"}}, {"model": "contenttypes.contenttype", "pk": 25, "fields": {"app_label": "github", "model": "languages"}}, {"model": "contenttypes.contenttype", "pk": 26, "fields": {"app_label": "github", "model": "userstats"}}, {"model": "contenttypes.contenttype", "pk": 27, "fields": {"app_label": "github", "model": "githubuser"}}, {"model": "contenttypes.contenttype", "pk": 28, "fields": {"app_label": "github", "model": "language"}}, {"model": "sessions.session", "pk": "l5xdl5cqflulwgnmlwwrud0qkaq3sh40", "fields": {"session_data": ".eJxVjMEOwiAQRP-FsyG7tCB49O43EGBZqRpISnsy_rtt0oMe5jLvzbyFD-tS_Nrz7CcSF4Hi9NvFkJ657oAeod6bTK0u8xTlrsiDdnlrlF_Xw_07KKGXbc1pYNCKMI_MTgWNdkDIW4iAR6ttBO0ssDLRwNkBZDKMCnnQFoMVny_T0DcF:1pT7tQ:bLlIa2FYlaprjbi7NTF9bj2G7ADy5j9PpAQUn4kOKGU", "expire_date": "2023-03-03T21:03:44.250Z"}}, {"model": "sessions.session", "pk": "n1dq3f9ok1kap72r046ym53fzmpmh881", "fields": {"session_data": ".eJxVjMEOwiAQRP-FsyG7tCB49O43EGBZqRpISnsy_rtt0oMe5jLvzbyFD-tS_Nrz7CcSF4Hi9NvFkJ657oAeod6bTK0u8xTlrsiDdnlrlF_Xw_07KKGXbc1pYNCKMI_MTgWNdkDIW4iAR6ttBO0ssDLRwNkBZDKMCnnQFoMVny_T0DcF:1pWLUf:cHpQinojo1myhF3cybFj0y1PXFQl4ESuUmiYQqbH8_0", "expire_date": "2023-03-12T18:11:29.315Z"}}]

